רב,0,0,אבא אריכא,https://he.wikipedia.org/wiki/אבא אריכא
רב,0,0,איסור שתיית יין לנזיר,https://he.wikipedia.org/wiki/איסור שתיית יין לנזיר
רב,0,0,מצוות פריקה,https://he.wikipedia.org/wiki/מצוות פריקה
רב,0,0,מרא דאתרא,https://he.wikipedia.org/wiki/מרא דאתרא
רב,0,0,מרדכי זילברמן (רב),https://he.wikipedia.org/wiki/מרדכי זילברמן (רב)
רב,0,0,צבר (סלנג),https://he.wikipedia.org/wiki/צבר (סלנג)
רב,0,0,רב,https://he.wikipedia.org/wiki/רב
רב,0,0,רב (אי),https://he.wikipedia.org/wiki/רב (אי)
רב,0,0,רב (אישה),https://he.wikipedia.org/wiki/רב (אישה)
רב,0,0,רב (אמורא),https://he.wikipedia.org/wiki/רב (אמורא)
רב,0,0,רב אמורא),https://he.wikipedia.org/wiki/רב אמורא)
רב,0,0,רב צבאי,https://he.wikipedia.org/wiki/רב צבאי
רב,0,0,רב שכונה,https://he.wikipedia.org/wiki/רב שכונה
רב,0,0,רבנות,https://he.wikipedia.org/wiki/רבנות
יוסף,0,0,דוד יוסף (ראש עירייה),https://he.wikipedia.org/wiki/דוד יוסף (ראש עירייה)
יוסף,0,0,יוסף,https://he.wikipedia.org/wiki/יוסף
יוסף,0,0,יוסף (אופרה),https://he.wikipedia.org/wiki/יוסף (אופרה)
יוסף,0,0,יוסף (אחי הורדוס),https://he.wikipedia.org/wiki/יוסף (אחי הורדוס)
יוסף,0,0,יוסף (אסלאם),https://he.wikipedia.org/wiki/יוסף (אסלאם)
יוסף,0,0,יוסף (בעל שלומית),https://he.wikipedia.org/wiki/יוסף (בעל שלומית)
יוסף,0,0,יוסף (דמות),https://he.wikipedia.org/wiki/יוסף (דמות)
יוסף,0,0,יוסף (מעצב אופנה),https://he.wikipedia.org/wiki/יוסף (מעצב אופנה)
יוסף,0,0,יוסף (פטריארך),https://he.wikipedia.org/wiki/יוסף (פטריארך)
יוסף,0,0,יוסף אבן וירגה,https://he.wikipedia.org/wiki/יוסף אבן וירגה
יוסף,0,0,יוסף אגנניהו,https://he.wikipedia.org/wiki/יוסף אגנניהו
יוסף,0,0,יוסף אונגר,https://he.wikipedia.org/wiki/יוסף אונגר
יוסף,0,0,יוסף בוסל,https://he.wikipedia.org/wiki/יוסף בוסל
יוסף,0,0,יוסף ביילין,https://he.wikipedia.org/wiki/יוסף ביילין
יוסף,0,0,יוסף בן מתתיהו,https://he.wikipedia.org/wiki/יוסף בן מתתיהו
יוסף,0,0,יוסף בר-יוסף,https://he.wikipedia.org/wiki/יוסף בר-יוסף
יוסף,0,0,יוסף ברוצ'ינר,https://he.wikipedia.org/wiki/יוסף ברוצ'ינר
יוסף,0,0,יוסף ברלין,https://he.wikipedia.org/wiki/יוסף ברלין
יוסף,0,0,יוסף גליקסברג,https://he.wikipedia.org/wiki/יוסף גליקסברג
יוסף,0,0,יוסף גרהרד ליבס,https://he.wikipedia.org/wiki/יוסף גרהרד ליבס
יוסף,0,0,יוסף דרנבורג,https://he.wikipedia.org/wiki/יוסף דרנבורג
יוסף,0,0,יוסף הקדוש,https://he.wikipedia.org/wiki/יוסף הקדוש
יוסף,0,0,יוסף זבדיה,https://he.wikipedia.org/wiki/יוסף זבדיה
יוסף,0,0,יוסף זוסמן,https://he.wikipedia.org/wiki/יוסף זוסמן
יוסף,0,0,יוסף זליגר,https://he.wikipedia.org/wiki/יוסף זליגר
יוסף,0,0,יוסף חריש,https://he.wikipedia.org/wiki/יוסף חריש
יוסף,0,0,יוסף כצנלסון,https://he.wikipedia.org/wiki/יוסף כצנלסון
יוסף,0,0,יוסף לפיד,https://he.wikipedia.org/wiki/יוסף לפיד
יוסף,0,0,יוסף מוקיר שבת,https://he.wikipedia.org/wiki/יוסף מוקיר שבת
יוסף,0,0,יוסף מטראני,https://he.wikipedia.org/wiki/יוסף מטראני
יוסף,0,0,יוסף מיאמפולה,https://he.wikipedia.org/wiki/יוסף מיאמפולה
יוסף,0,0,יוסף מייא,https://he.wikipedia.org/wiki/יוסף מייא
יוסף,0,0,יוסף מילוא,https://he.wikipedia.org/wiki/יוסף מילוא
יוסף,0,0,יוסף מנדלסון,https://he.wikipedia.org/wiki/יוסף מנדלסון
יוסף,0,0,יוסף משאש,https://he.wikipedia.org/wiki/יוסף משאש
יוסף,0,0,יוסף סידר,https://he.wikipedia.org/wiki/יוסף סידר
יוסף,0,0,יוסף ענבר,https://he.wikipedia.org/wiki/יוסף ענבר
יוסף,0,0,יוסף פיינברג,https://he.wikipedia.org/wiki/יוסף פיינברג
יוסף,0,0,יוסף פלאג'י,https://he.wikipedia.org/wiki/יוסף פלאג'י
יוסף,0,0,יוסף קאליש,https://he.wikipedia.org/wiki/יוסף קאליש
יוסף,0,0,יוסף קאפח,https://he.wikipedia.org/wiki/יוסף קאפח
יוסף,0,0,יוסף קייזרמן,https://he.wikipedia.org/wiki/יוסף קייזרמן
יוסף,0,0,יוסף שלזינגר,https://he.wikipedia.org/wiki/יוסף שלזינגר
יוסף,0,0,יוסף שריג,https://he.wikipedia.org/wiki/יוסף שריג
יוסף,0,0,נטע יוסף,https://he.wikipedia.org/wiki/נטע יוסף
יוסף,0,0,עובדיה יוסף,https://he.wikipedia.org/wiki/עובדיה יוסף
בר,0,0,בר,https://he.wikipedia.org/wiki/בר
בר,0,0,בר (יחידה),https://he.wikipedia.org/wiki/בר (יחידה)
בר,0,0,בר (מונטנגרו),https://he.wikipedia.org/wiki/בר (מונטנגרו)
בר,0,0,בר (מחוז),https://he.wikipedia.org/wiki/בר (מחוז)
בר,0,0,בר (מידה),https://he.wikipedia.org/wiki/בר (מידה)
בר,0,0,בר (נהר),https://he.wikipedia.org/wiki/בר (נהר)
בר,0,0,בר (עסק),https://he.wikipedia.org/wiki/בר (עסק)
בר,0,0,בר מצווה,https://he.wikipedia.org/wiki/בר מצווה
בר,0,0,בר שפע,https://he.wikipedia.org/wiki/בר שפע
בר,0,0,חזיר בר,https://he.wikipedia.org/wiki/חזיר בר
בר,0,0,חיית בר,https://he.wikipedia.org/wiki/חיית בר
בר,0,0,חיליק בר,https://he.wikipedia.org/wiki/חיליק בר
בר,0,0,חית בר,https://he.wikipedia.org/wiki/חית בר
בר,0,0,מועדון לילה,https://he.wikipedia.org/wiki/מועדון לילה
בר,0,0,נתיב (לשכת הקשר),https://he.wikipedia.org/wiki/נתיב (לשכת הקשר)
בר,0,0,פאב,https://he.wikipedia.org/wiki/פאב
בר,0,0,פרידריך בר,https://he.wikipedia.org/wiki/פרידריך בר
בר,0,0,צמח בר,https://he.wikipedia.org/wiki/צמח בר
בר,0,0,שרגא בר,https://he.wikipedia.org/wiki/שרגא בר
חייא,0,0,חייא,https://he.wikipedia.org/wiki/חייא
חייא,0,0,חייא בר רב,https://he.wikipedia.org/wiki/חייא בר רב
היה,0,0,התאזרחות,https://he.wikipedia.org/wiki/התאזרחות
אמורא,0,0,אמורא,https://he.wikipedia.org/wiki/אמורא
אמורא,0,0,אמוראים,https://he.wikipedia.org/wiki/אמוראים
בבלי,0,0,אכדית,https://he.wikipedia.org/wiki/אכדית
בבלי,0,0,בבל,https://he.wikipedia.org/wiki/בבל
בבלי,0,0,בבלי,https://he.wikipedia.org/wiki/בבלי
בבלי,0,0,בבלי (שכונה),https://he.wikipedia.org/wiki/בבלי (שכונה)
בבלי,0,0,בבלים,https://he.wikipedia.org/wiki/בבלים
בבלי,0,0,בבלית,https://he.wikipedia.org/wiki/בבלית
בבלי,0,0,הלוח הבבלי,https://he.wikipedia.org/wiki/הלוח הבבלי
בבלי,0,0,התלמוד הבבלי,https://he.wikipedia.org/wiki/התלמוד הבבלי
בבלי,0,0,יהדות בבל,https://he.wikipedia.org/wiki/יהדות בבל
בבלי,0,0,מיתולוגיה בבלית,https://he.wikipedia.org/wiki/מיתולוגיה בבלית
בבלי,0,0,תלמוד בבלי,https://he.wikipedia.org/wiki/תלמוד בבלי
בבלי,0,0,תלמוד הבבלי,https://he.wikipedia.org/wiki/תלמוד הבבלי
בן,0,0,אבודים - דמויות,https://he.wikipedia.org/wiki/אבודים - דמויות
בן,0,0,אברהם אלטר פולק,https://he.wikipedia.org/wiki/אברהם אלטר פולק
בן,0,0,אבשלום,https://he.wikipedia.org/wiki/אבשלום
בן,0,0,בן,https://he.wikipedia.org/wiki/בן
בן,0,0,בן ארצי,https://he.wikipedia.org/wiki/בן ארצי
בן,0,0,בן וידר,https://he.wikipedia.org/wiki/בן וידר
בן,0,0,בן לוין,https://he.wikipedia.org/wiki/בן לוין
בן,0,0,ג'יימס פרנסיס אדוארד סטיוארט,https://he.wikipedia.org/wiki/ג'יימס פרנסיס אדוארד סטיוארט
בן,0,0,גוטפריד בן,https://he.wikipedia.org/wiki/גוטפריד בן
בן,0,0,גיל,https://he.wikipedia.org/wiki/גיל
בן,0,0,האל הבן,https://he.wikipedia.org/wiki/האל הבן
בן,0,0,זכר,https://he.wikipedia.org/wiki/זכר
בן,0,0,ישו,https://he.wikipedia.org/wiki/ישו
הדור,0,0,בית הדור,https://he.wikipedia.org/wiki/בית הדור
הדור,0,0,דור (תקופה),https://he.wikipedia.org/wiki/דור (תקופה)
הדור,0,0,הדור,https://he.wikipedia.org/wiki/הדור
הדור,0,0,הדור (כתב עת),https://he.wikipedia.org/wiki/הדור (כתב עת)
הדור,0,0,הדור (כתב-עת),https://he.wikipedia.org/wiki/הדור (כתב-עת)
הדור,0,0,הדור (עיתון),https://he.wikipedia.org/wiki/הדור (עיתון)
הדור,0,0,הדור לורינדול,https://he.wikipedia.org/wiki/הדור לורינדול
השלישי,0,0,אמריקן פאי 3,https://he.wikipedia.org/wiki/אמריקן פאי 3
השלישי,0,0,בחזרה לעתיד 3,https://he.wikipedia.org/wiki/בחזרה לעתיד 3
השלישי,0,0,בית מנחם אוסישקין (ירושלים),https://he.wikipedia.org/wiki/בית מנחם אוסישקין (ירושלים)
השלישי,0,0,דוקטור,https://he.wikipedia.org/wiki/דוקטור
השלישי,0,0,דוקטורט,https://he.wikipedia.org/wiki/דוקטורט
השלישי,0,0,הארי פוטר והאסיר מאזקבאן,https://he.wikipedia.org/wiki/הארי פוטר והאסיר מאזקבאן
השלישי,0,0,הלגיון השלישי גאליקה,https://he.wikipedia.org/wiki/הלגיון השלישי גאליקה
השלישי,0,0,הספר הלבן (1939),https://he.wikipedia.org/wiki/הספר הלבן (1939)
השלישי,0,0,הקונגרס הציוני העולמי השלישי,https://he.wikipedia.org/wiki/הקונגרס הציוני העולמי השלישי
השלישי,0,0,הקונגרס הציוני השלישי,https://he.wikipedia.org/wiki/הקונגרס הציוני השלישי
השלישי,0,0,הרובע השלישי של פריז,https://he.wikipedia.org/wiki/הרובע השלישי של פריז
השלישי,0,0,השלישי,https://he.wikipedia.org/wiki/השלישי
השלישי,0,0,השלישי (אלבום),https://he.wikipedia.org/wiki/השלישי (אלבום)
השלישי,0,0,השלישי (ספר),https://he.wikipedia.org/wiki/השלישי (ספר)
השלישי,0,0,מטוס קרב של הדור השלישי,https://he.wikipedia.org/wiki/מטוס קרב של הדור השלישי
השלישי,0,0,פעילות על-טבעית 3,https://he.wikipedia.org/wiki/פעילות על-טבעית 3
השלישי,0,0,צי האוויר השלישי (לופטוואפה),https://he.wikipedia.org/wiki/צי האוויר השלישי (לופטוואפה)
השלישי,0,0,רב כהנא (השלישי),https://he.wikipedia.org/wiki/רב כהנא (השלישי)
השלישי,0,0,רבי ירמיה (השלישי),https://he.wikipedia.org/wiki/רבי ירמיה (השלישי)
השלישי,0,0,שנות ה-30 של המאה ה-20,https://he.wikipedia.org/wiki/שנות ה-30 של המאה ה-20
השלישי,0,0,תואר שלישי,https://he.wikipedia.org/wiki/תואר שלישי
היה,0,0,התאזרחות,https://he.wikipedia.org/wiki/התאזרחות
תלמידו,0,0,מתמחה,https://he.wikipedia.org/wiki/מתמחה
תלמידו,0,0,תלמיד חבר,https://he.wikipedia.org/wiki/תלמיד חבר
תלמידו,0,0,תלמיד חכם,https://he.wikipedia.org/wiki/תלמיד חכם
של,0,0,אורסטס (מחזה),https://he.wikipedia.org/wiki/אורסטס (מחזה)
של,0,0,דניאל מורשת,https://he.wikipedia.org/wiki/דניאל מורשת
של,0,0,האוניברסיטה הפתוחה,https://he.wikipedia.org/wiki/האוניברסיטה הפתוחה
של,0,0,לא לגלות ערוות אם,https://he.wikipedia.org/wiki/לא לגלות ערוות אם
של,0,0,מיון של,https://he.wikipedia.org/wiki/מיון של
של,0,0,של,https://he.wikipedia.org/wiki/של
של,0,0,של (מילת יחס),https://he.wikipedia.org/wiki/של (מילת יחס)
של,0,0,של אויל קומפני,https://he.wikipedia.org/wiki/של אויל קומפני
רב,0,0,אבא אריכא,https://he.wikipedia.org/wiki/אבא אריכא
רב,0,0,איסור שתיית יין לנזיר,https://he.wikipedia.org/wiki/איסור שתיית יין לנזיר
רב,0,0,מצוות פריקה,https://he.wikipedia.org/wiki/מצוות פריקה
רב,0,0,מרא דאתרא,https://he.wikipedia.org/wiki/מרא דאתרא
רב,0,0,מרדכי זילברמן (רב),https://he.wikipedia.org/wiki/מרדכי זילברמן (רב)
רב,0,0,צבר (סלנג),https://he.wikipedia.org/wiki/צבר (סלנג)
רב,0,0,רב,https://he.wikipedia.org/wiki/רב
רב,0,0,רב (אי),https://he.wikipedia.org/wiki/רב (אי)
רב,0,0,רב (אישה),https://he.wikipedia.org/wiki/רב (אישה)
רב,0,0,רב (אמורא),https://he.wikipedia.org/wiki/רב (אמורא)
רב,0,0,רב אמורא),https://he.wikipedia.org/wiki/רב אמורא)
רב,0,0,רב צבאי,https://he.wikipedia.org/wiki/רב צבאי
רב,0,0,רב שכונה,https://he.wikipedia.org/wiki/רב שכונה
רב,0,0,רבנות,https://he.wikipedia.org/wiki/רבנות
יהודה,0,0,אברהם שלום יהודה,https://he.wikipedia.org/wiki/אברהם שלום יהודה
יהודה,0,0,איגרת יהודה,https://he.wikipedia.org/wiki/איגרת יהודה
יהודה,0,0,ארץ יהודה,https://he.wikipedia.org/wiki/ארץ יהודה
יהודה,0,0,ארץ ישראל בתקופה הרומית,https://he.wikipedia.org/wiki/ארץ ישראל בתקופה הרומית
יהודה,0,0,דרום יהודה,https://he.wikipedia.org/wiki/דרום יהודה
יהודה,0,0,הרי יהודה,https://he.wikipedia.org/wiki/הרי יהודה
יהודה,0,0,השפלה,https://he.wikipedia.org/wiki/השפלה
יהודה,0,0,התקופה הרומית בארץ ישראל,https://he.wikipedia.org/wiki/התקופה הרומית בארץ ישראל
יהודה,0,0,חבורת יהודה,https://he.wikipedia.org/wiki/חבורת יהודה
יהודה,0,0,חבל יהודה,https://he.wikipedia.org/wiki/חבל יהודה
יהודה,0,0,יהוד מדינתא,https://he.wikipedia.org/wiki/יהוד מדינתא
יהודה,0,0,יהודה,https://he.wikipedia.org/wiki/יהודה
יהודה,0,0,יהודה (דמות מקראית),https://he.wikipedia.org/wiki/יהודה (דמות מקראית)
יהודה,0,0,יהודה (חבל ארץ),https://he.wikipedia.org/wiki/יהודה (חבל ארץ)
יהודה,0,0,יהודה (פרובינקיה),https://he.wikipedia.org/wiki/יהודה (פרובינקיה)
יהודה,0,0,יהודה (שבט),https://he.wikipedia.org/wiki/יהודה (שבט)
יהודה,0,0,יהודה אבן וירגה,https://he.wikipedia.org/wiki/יהודה אבן וירגה
יהודה,0,0,יהודה איש קריות,https://he.wikipedia.org/wiki/יהודה איש קריות
יהודה,0,0,יהודה בן מרימר,https://he.wikipedia.org/wiki/יהודה בן מרימר
יהודה,0,0,יהודה בן רבי חייא,https://he.wikipedia.org/wiki/יהודה בן רבי חייא
יהודה,0,0,יהודה ברג,https://he.wikipedia.org/wiki/יהודה ברג
יהודה,0,0,יהודה ברוניצקי,https://he.wikipedia.org/wiki/יהודה ברוניצקי
יהודה,0,0,יהודה בריה דרב חייא,https://he.wikipedia.org/wiki/יהודה בריה דרב חייא
יהודה,0,0,יהודה ברנשטיין,https://he.wikipedia.org/wiki/יהודה ברנשטיין
יהודה,0,0,יהודה גרובייס,https://he.wikipedia.org/wiki/יהודה גרובייס
יהודה,0,0,יהודה החסיד,https://he.wikipedia.org/wiki/יהודה החסיד
יהודה,0,0,יהודה המכבי,https://he.wikipedia.org/wiki/יהודה המכבי
יהודה,0,0,יהודה המקבי,https://he.wikipedia.org/wiki/יהודה המקבי
יהודה,0,0,יהודה ושומרון,https://he.wikipedia.org/wiki/יהודה ושומרון
יהודה,0,0,יהודה זיו,https://he.wikipedia.org/wiki/יהודה זיו
יהודה,0,0,יהודה ייטלס,https://he.wikipedia.org/wiki/יהודה ייטלס
יהודה,0,0,יהודה מוזס,https://he.wikipedia.org/wiki/יהודה מוזס
יהודה,0,0,יהודה ריינהרץ,https://he.wikipedia.org/wiki/יהודה ריינהרץ
יהודה,0,0,יהודה רייס,https://he.wikipedia.org/wiki/יהודה רייס
יהודה,0,0,יהודה שרת,https://he.wikipedia.org/wiki/יהודה שרת
יהודה,0,0,מלכות יהודה,https://he.wikipedia.org/wiki/מלכות יהודה
יהודה,0,0,ממלכת החשמונאים,https://he.wikipedia.org/wiki/ממלכת החשמונאים
יהודה,0,0,ממלכת יהודה,https://he.wikipedia.org/wiki/ממלכת יהודה
יהודה,0,0,ממלכת ישראל,https://he.wikipedia.org/wiki/ממלכת ישראל
יהודה,0,0,נציבות יהודה,https://he.wikipedia.org/wiki/נציבות יהודה
יהודה,0,0,פרובינקיה יודיאה,https://he.wikipedia.org/wiki/פרובינקיה יודיאה
יהודה,0,0,פרובינקיית יהודה,https://he.wikipedia.org/wiki/פרובינקיית יהודה
יהודה,0,0,שבט יהודה,https://he.wikipedia.org/wiki/שבט יהודה
יהודה,0,0,שיבת ציון,https://he.wikipedia.org/wiki/שיבת ציון
יהודה,0,0,תקופת בית שני,https://he.wikipedia.org/wiki/תקופת בית שני
יהודה,0,0,תקופת הנציבות,https://he.wikipedia.org/wiki/תקופת הנציבות
בר,0,0,בר,https://he.wikipedia.org/wiki/בר
בר,0,0,בר (יחידה),https://he.wikipedia.org/wiki/בר (יחידה)
בר,0,0,בר (מונטנגרו),https://he.wikipedia.org/wiki/בר (מונטנגרו)
בר,0,0,בר (מחוז),https://he.wikipedia.org/wiki/בר (מחוז)
בר,0,0,בר (מידה),https://he.wikipedia.org/wiki/בר (מידה)
בר,0,0,בר (נהר),https://he.wikipedia.org/wiki/בר (נהר)
בר,0,0,בר (עסק),https://he.wikipedia.org/wiki/בר (עסק)
בר,0,0,בר מצווה,https://he.wikipedia.org/wiki/בר מצווה
בר,0,0,בר שפע,https://he.wikipedia.org/wiki/בר שפע
בר,0,0,חזיר בר,https://he.wikipedia.org/wiki/חזיר בר
בר,0,0,חיית בר,https://he.wikipedia.org/wiki/חיית בר
בר,0,0,חיליק בר,https://he.wikipedia.org/wiki/חיליק בר
בר,0,0,חית בר,https://he.wikipedia.org/wiki/חית בר
בר,0,0,מועדון לילה,https://he.wikipedia.org/wiki/מועדון לילה
בר,0,0,נתיב (לשכת הקשר),https://he.wikipedia.org/wiki/נתיב (לשכת הקשר)
בר,0,0,פאב,https://he.wikipedia.org/wiki/פאב
בר,0,0,פרידריך בר,https://he.wikipedia.org/wiki/פרידריך בר
בר,0,0,צמח בר,https://he.wikipedia.org/wiki/צמח בר
בר,0,0,שרגא בר,https://he.wikipedia.org/wiki/שרגא בר
יחזקאל,0,0,יחזקאל,https://he.wikipedia.org/wiki/יחזקאל
יחזקאל,0,0,יחזקאל (פזמון),https://he.wikipedia.org/wiki/יחזקאל (פזמון)
יחזקאל,0,0,יחזקאל גרין,https://he.wikipedia.org/wiki/יחזקאל גרין
יחזקאל,0,0,יחזקאל הולשטוק,https://he.wikipedia.org/wiki/יחזקאל הולשטוק
יחזקאל,0,0,יחזקאל הטראגיקן,https://he.wikipedia.org/wiki/יחזקאל הטראגיקן
יחזקאל,0,0,יחזקאל הנביא,https://he.wikipedia.org/wiki/יחזקאל הנביא
יחזקאל,0,0,יחזקאל טאוב,https://he.wikipedia.org/wiki/יחזקאל טאוב
יחזקאל,0,0,יחזקאל שטיין,https://he.wikipedia.org/wiki/יחזקאל שטיין
יחזקאל,0,0,ספר יחזקאל,https://he.wikipedia.org/wiki/ספר יחזקאל
רבו,0,0,מרא דאתרא,https://he.wikipedia.org/wiki/מרא דאתרא
רבו,0,0,רב,https://he.wikipedia.org/wiki/רב
של,0,0,אורסטס (מחזה),https://he.wikipedia.org/wiki/אורסטס (מחזה)
של,0,0,דניאל מורשת,https://he.wikipedia.org/wiki/דניאל מורשת
של,0,0,האוניברסיטה הפתוחה,https://he.wikipedia.org/wiki/האוניברסיטה הפתוחה
של,0,0,לא לגלות ערוות אם,https://he.wikipedia.org/wiki/לא לגלות ערוות אם
של,0,0,מיון של,https://he.wikipedia.org/wiki/מיון של
של,0,0,של,https://he.wikipedia.org/wiki/של
של,0,0,של (מילת יחס),https://he.wikipedia.org/wiki/של (מילת יחס)
של,0,0,של אויל קומפני,https://he.wikipedia.org/wiki/של אויל קומפני
אביי,0,0,אביי,https://he.wikipedia.org/wiki/אביי
אביי,0,0,אביי (מחוז),https://he.wikipedia.org/wiki/אביי (מחוז)
ובר,0,0,אנדרו לויד ובר,https://he.wikipedia.org/wiki/אנדרו לויד ובר
ובר,0,0,ג'וזיפ ובר,https://he.wikipedia.org/wiki/ג'וזיפ ובר
ובר,0,0,הריברט ובר,https://he.wikipedia.org/wiki/הריברט ובר
ובר,0,0,ובר,https://he.wikipedia.org/wiki/ובר
ובר,0,0,ובר (יחידת מידה),https://he.wikipedia.org/wiki/ובר (יחידת מידה)
ובר,0,0,ובר (נהר),https://he.wikipedia.org/wiki/ובר (נהר)
ובר,0,0,וולפגנג ובר,https://he.wikipedia.org/wiki/וולפגנג ובר
ובר,0,0,כריס ובר,https://he.wikipedia.org/wiki/כריס ובר
ובר,0,0,מחוז ובר,https://he.wikipedia.org/wiki/מחוז ובר
ובר,0,0,מקס ובר,https://he.wikipedia.org/wiki/מקס ובר
ובר,0,0,קארל מריה פון ובר,https://he.wikipedia.org/wiki/קארל מריה פון ובר
ובר,0,0,קרל מריה פון ובר,https://he.wikipedia.org/wiki/קרל מריה פון ובר
פלוגתא,0,0,בר פלוגתא,https://he.wikipedia.org/wiki/בר פלוגתא
של,0,0,אורסטס (מחזה),https://he.wikipedia.org/wiki/אורסטס (מחזה)
של,0,0,דניאל מורשת,https://he.wikipedia.org/wiki/דניאל מורשת
של,0,0,האוניברסיטה הפתוחה,https://he.wikipedia.org/wiki/האוניברסיטה הפתוחה
של,0,0,לא לגלות ערוות אם,https://he.wikipedia.org/wiki/לא לגלות ערוות אם
של,0,0,מיון של,https://he.wikipedia.org/wiki/מיון של
של,0,0,של,https://he.wikipedia.org/wiki/של
של,0,0,של (מילת יחס),https://he.wikipedia.org/wiki/של (מילת יחס)
של,0,0,של אויל קומפני,https://he.wikipedia.org/wiki/של אויל קומפני
רבה,0,0,מדרש רבה,https://he.wikipedia.org/wiki/מדרש רבה
רבה,0,0,מרא דאתרא,https://he.wikipedia.org/wiki/מרא דאתרא
רבה,0,0,נחל רבה,https://he.wikipedia.org/wiki/נחל רבה
רבה,0,0,רב,https://he.wikipedia.org/wiki/רב
רבה,0,0,רב (אישה),https://he.wikipedia.org/wiki/רב (אישה)
רבה,0,0,רב (אשה),https://he.wikipedia.org/wiki/רב (אשה)
רבה,0,0,רב עיר,https://he.wikipedia.org/wiki/רב עיר
רבה,0,0,רב ראשי,https://he.wikipedia.org/wiki/רב ראשי
רבה,0,0,רבה,https://he.wikipedia.org/wiki/רבה
רבה,0,0,רבה (סבוראים),https://he.wikipedia.org/wiki/רבה (סבוראים)
רבה,0,0,רבה (סדרה),https://he.wikipedia.org/wiki/רבה (סדרה)
רבה,0,0,רבה בר יוסף,https://he.wikipedia.org/wiki/רבה בר יוסף
רבה,0,0,רבה בר נחמני,https://he.wikipedia.org/wiki/רבה בר נחמני
רבה,0,0,רבה בר רב הונא,https://he.wikipedia.org/wiki/רבה בר רב הונא
רבה,0,0,רבה בר רב נחמן,https://he.wikipedia.org/wiki/רבה בר רב נחמן
בר,0,0,בר,https://he.wikipedia.org/wiki/בר
בר,0,0,בר (יחידה),https://he.wikipedia.org/wiki/בר (יחידה)
בר,0,0,בר (מונטנגרו),https://he.wikipedia.org/wiki/בר (מונטנגרו)
בר,0,0,בר (מחוז),https://he.wikipedia.org/wiki/בר (מחוז)
בר,0,0,בר (מידה),https://he.wikipedia.org/wiki/בר (מידה)
בר,0,0,בר (נהר),https://he.wikipedia.org/wiki/בר (נהר)
בר,0,0,בר (עסק),https://he.wikipedia.org/wiki/בר (עסק)
בר,0,0,בר מצווה,https://he.wikipedia.org/wiki/בר מצווה
בר,0,0,בר שפע,https://he.wikipedia.org/wiki/בר שפע
בר,0,0,חזיר בר,https://he.wikipedia.org/wiki/חזיר בר
בר,0,0,חיית בר,https://he.wikipedia.org/wiki/חיית בר
בר,0,0,חיליק בר,https://he.wikipedia.org/wiki/חיליק בר
בר,0,0,חית בר,https://he.wikipedia.org/wiki/חית בר
בר,0,0,מועדון לילה,https://he.wikipedia.org/wiki/מועדון לילה
בר,0,0,נתיב (לשכת הקשר),https://he.wikipedia.org/wiki/נתיב (לשכת הקשר)
בר,0,0,פאב,https://he.wikipedia.org/wiki/פאב
בר,0,0,פרידריך בר,https://he.wikipedia.org/wiki/פרידריך בר
בר,0,0,צמח בר,https://he.wikipedia.org/wiki/צמח בר
בר,0,0,שרגא בר,https://he.wikipedia.org/wiki/שרגא בר
נחמני,0,0,רחוב נחמני,https://he.wikipedia.org/wiki/רחוב נחמני
ראש,0,0,איאן ראש,https://he.wikipedia.org/wiki/איאן ראש
ראש,0,0,מפקד (תפקיד),https://he.wikipedia.org/wiki/מפקד (תפקיד)
ראש,0,0,פרוטומה,https://he.wikipedia.org/wiki/פרוטומה
ראש,0,0,ראש,https://he.wikipedia.org/wiki/ראש
ראש,0,0,ראש  עירייה,https://he.wikipedia.org/wiki/ראש  עירייה
ראש,0,0,ראש (כתב עת),https://he.wikipedia.org/wiki/ראש (כתב עת)
ראש,0,0,ראש (להקה),https://he.wikipedia.org/wiki/ראש (להקה)
ראש,0,0,ראש (מנהיג),https://he.wikipedia.org/wiki/ראש (מנהיג)
ראש,0,0,ראש (עיירה),https://he.wikipedia.org/wiki/ראש (עיירה)
ראש,0,0,ראש המטה הכללי הרוסי,https://he.wikipedia.org/wiki/ראש המטה הכללי הרוסי
ראש,0,0,ראש העיר,https://he.wikipedia.org/wiki/ראש העיר
ראש,0,0,ראש חודש,https://he.wikipedia.org/wiki/ראש חודש
ראש,0,0,ראש ישיבה,https://he.wikipedia.org/wiki/ראש ישיבה
ראש,0,0,ראש מדינה,https://he.wikipedia.org/wiki/ראש מדינה
ראש,0,0,ראש ממשלה,https://he.wikipedia.org/wiki/ראש ממשלה
ראש,0,0,ראש ממשלת ישראל,https://he.wikipedia.org/wiki/ראש ממשלת ישראל
ראש,0,0,ראש ממשלת צרפת,https://he.wikipedia.org/wiki/ראש ממשלת צרפת
ראש,0,0,ראש עיר,https://he.wikipedia.org/wiki/ראש עיר
ראש,0,0,ראש עירייה,https://he.wikipedia.org/wiki/ראש עירייה
ראש,0,0,ראש קרבי,https://he.wikipedia.org/wiki/ראש קרבי
ראש,0,0,ריצ'רד ראש,https://he.wikipedia.org/wiki/ריצ'רד ראש
ישיבת,0,0,ישיבה,https://he.wikipedia.org/wiki/ישיבה
ישיבת,0,0,ישיבת בית ישראל ודמשק אליעזר,https://he.wikipedia.org/wiki/ישיבת בית ישראל ודמשק אליעזר
ישיבת,0,0,ישיבת הסדר,https://he.wikipedia.org/wiki/ישיבת הסדר
ישיבת,0,0,כולל אברכים,https://he.wikipedia.org/wiki/כולל אברכים
פומבדיתא,0,0,ישיבת פומבדיתא,https://he.wikipedia.org/wiki/ישיבת פומבדיתא
פומבדיתא,0,0,פומבדיתא,https://he.wikipedia.org/wiki/פומבדיתא
רב יוסף,0,1,רב יוסף,https://he.wikipedia.org/wiki/רב יוסף
רב יוסף,0,1,רב יוסף בריה דרבא,https://he.wikipedia.org/wiki/רב יוסף בריה דרבא
רב יוסף,0,1,רב יוסף בריה דרבי יהושע בן לוי,https://he.wikipedia.org/wiki/רב יוסף בריה דרבי יהושע בן לוי
רב יוסף,0,1,רבה יוסי,https://he.wikipedia.org/wiki/רבה יוסי
יוסף בר,0,1,יוסף בר,https://he.wikipedia.org/wiki/יוסף בר
הדור השלישי,0,1,דור 3,https://he.wikipedia.org/wiki/דור 3
רב יהודה,0,1,יהודה בר רב שמואל,https://he.wikipedia.org/wiki/יהודה בר רב שמואל
רב יהודה,0,1,רב יהודה,https://he.wikipedia.org/wiki/רב יהודה
רב יהודה,0,1,רב יהודה בר יחזקאל,https://he.wikipedia.org/wiki/רב יהודה בר יחזקאל
יהודה בר,0,1,יהודה בר,https://he.wikipedia.org/wiki/יהודה בר
ראש ישיבת,0,1,ראש ישיבה,https://he.wikipedia.org/wiki/ראש ישיבה
ראש ישיבת,0,1,ראש ישיבת,https://he.wikipedia.org/wiki/ראש ישיבת
ישיבת פומבדיתא,0,1,ישיבת פומבדיתא,https://he.wikipedia.org/wiki/ישיבת פומבדיתא
יהודה בר יחזקאל,0,2,יהודה בר יחזקאל,https://he.wikipedia.org/wiki/יהודה בר יחזקאל
רבה בר נחמני,0,2,רבה בר נחמני,https://he.wikipedia.org/wiki/רבה בר נחמני
רב יוסף בר חייא,0,3,רב יוסף,https://he.wikipedia.org/wiki/רב יוסף
רב יוסף בר חייא,0,3,רב יוסף בר חייא,https://he.wikipedia.org/wiki/רב יוסף בר חייא
רב יהודה בר יחזקאל,0,3,רב יהודה בר יחזקאל,https://he.wikipedia.org/wiki/רב יהודה בר יחזקאל
